learnerId,trainingId,progressPercentage,averageScore,completedLessons,totalLessons,completedQuizzes,totalQuizzes,totalEvents,totalTrainingsStarted,totalTrainingsCompleted,lessonCompletionRate,quizCompletionRate,scoreRatio,daysSinceLastActivity,avgEventsPerTraining,at_risk
1,1,20,23,2,10,1,3,1,1,0,0.2,0.3333,0.23,34,1.0,1
2,8,93,96,9,10,3,3,20,2,0,0.9,1.0,0.96,3,10.0,0
3,10,53,57,4,7,2,4,12,4,0,0.5714,0.5,0.57,4,3.0,0
4,3,66,52,6,9,1,1,10,4,2,0.6667,1.0,0.52,17,2.5,0
5,8,84,74,6,7,2,2,24,4,2,0.8571,1.0,0.74,5,6.0,0
6,5,50,74,3,6,2,4,11,1,0,0.5,0.5,0.74,5,11.0,0
7,4,62,54,4,6,2,3,13,3,0,0.6667,0.6667,0.54,15,4.3333,0
8,4,71,58,5,7,3,4,13,3,0,0.7143,0.75,0.58,6,4.3333,0
9,9,67,64,3,4,3,4,8,4,2,0.75,0.75,0.64,13,2.0,0
10,5,80,90,3,4,1,1,19,4,2,0.75,1.0,0.9,5,4.75,0
11,6,57,74,5,9,2,3,12,1,0,0.5556,0.6667,0.74,7,12.0,0
12,10,18,21,1,5,0,2,7,1,0,0.2,0.0,0.21,18,7.0,1
13,10,62,65,4,6,1,2,17,3,1,0.6667,0.5,0.65,14,5.6667,0
14,5,68,72,4,6,1,1,25,3,1,0.6667,1.0,0.72,6,8.3333,0
15,10,41,65,3,8,2,4,7,2,0,0.375,0.5,0.65,9,3.5,0
16,4,77,73,7,9,2,2,30,2,1,0.7778,1.0,0.73,2,15.0,0
17,5,44,30,3,6,2,4,7,2,1,0.5,0.5,0.3,35,3.5,1
18,3,63,56,5,8,3,4,8,4,2,0.625,0.75,0.56,13,2.0,0
19,5,66,70,7,11,1,1,9,3,0,0.6364,1.0,0.7,9,3.0,0
20,6,67,51,6,9,1,1,11,1,0,0.6667,1.0,0.51,5,11.0,0
21,4,67,55,7,10,1,1,17,4,2,0.7,1.0,0.55,7,4.25,0
22,7,1,37,0,9,0,2,4,4,0,0.0,0.0,0.37,26,1.0,1
23,1,7,43,1,10,0,2,4,4,1,0.1,0.0,0.43,28,1.0,1
24,6,80,81,6,8,3,4,10,4,2,0.75,0.75,0.81,6,2.5,0
25,2,39,58,2,6,0,1,13,3,2,0.3333,0.0,0.58,6,4.3333,0
26,4,97,77,4,4,3,3,12,3,2,1.0,1.0,0.77,0,4.0,0
27,4,72,99,6,8,3,4,16,3,1,0.75,0.75,0.99,5,5.3333,0
28,10,70,79,8,12,1,1,30,4,0,0.6667,1.0,0.79,3,7.5,0
29,9,5,41,1,11,0,4,2,1,0,0.0909,0.0,0.41,26,2.0,1
30,8,91,93,6,7,2,2,15,1,0,0.8571,1.0,0.93,3,15.0,0
31,10,41,26,2,4,0,1,1,2,1,0.5,0.0,0.26,36,0.5,1
32,1,14,33,1,5,0,2,4,3,1,0.2,0.0,0.33,44,1.3333,0
33,2,65,91,3,5,1,1,12,2,1,0.6,1.0,0.91,7,6.0,0
34,8,9,21,1,9,0,2,0,3,2,0.1111,0.0,0.21,35,0.0,1
35,2,74,59,7,9,3,4,11,3,1,0.7778,0.75,0.59,4,3.6667,0
36,6,98,88,6,6,4,4,13,3,3,1.0,1.0,0.88,4,4.3333,0
37,2,7,44,1,10,0,2,8,3,2,0.1,0.0,0.44,16,2.6667,1
38,7,65,78,7,11,3,4,15,4,1,0.6364,0.75,0.78,6,3.75,0
39,3,34,44,3,10,1,3,3,1,0,0.3,0.3333,0.44,20,3.0,1
40,4,12,38,1,5,0,3,2,2,0,0.2,0.0,0.38,28,1.0,1
41,9,68,84,7,11,3,4,17,1,0,0.6364,0.75,0.84,4,17.0,0
42,4,6,44,0,6,0,4,1,2,1,0.0,0.0,0.44,15,0.5,1
43,2,72,75,6,8,1,1,11,2,1,0.75,1.0,0.75,6,5.5,0
44,9,48,72,3,7,2,4,15,4,2,0.4286,0.5,0.72,16,3.75,0
45,1,88,87,11,12,1,1,18,2,0,0.9167,1.0,0.87,7,9.0,0
46,10,4,24,0,8,0,4,3,4,2,0.0,0.0,0.24,11,0.75,1
47,1,14,52,2,11,1,4,7,3,1,0.1818,0.25,0.52,30,2.3333,1
48,8,56,79,3,5,2,4,15,2,1,0.6,0.5,0.79,15,7.5,0
49,4,80,84,5,6,2,2,18,3,0,0.8333,1.0,0.84,1,6.0,0
50,6,48,55,3,7,1,3,8,2,1,0.4286,0.3333,0.55,13,4.0,0
51,10,53,66,6,11,1,2,16,2,1,0.5455,0.5,0.66,17,8.0,0
52,6,87,75,7,8,3,4,10,1,0,0.875,0.75,0.75,5,10.0,0
53,6,40,69,4,11,2,4,13,3,1,0.3636,0.5,0.69,4,4.3333,0
54,1,7,52,1,10,0,1,5,2,1,0.1,0.0,0.52,24,2.5,1
55,10,45,51,5,12,0,1,11,3,0,0.4167,0.0,0.51,4,3.6667,0
56,2,62,66,2,4,2,3,14,4,3,0.5,0.6667,0.66,13,3.5,0
57,3,98,94,9,9,1,1,25,1,1,1.0,1.0,0.94,0,25.0,0
58,8,66,72,5,7,3,4,14,4,3,0.7143,0.75,0.72,8,3.5,0
59,8,76,74,8,11,2,2,13,1,0,0.7273,1.0,0.74,7,13.0,0
60,10,42,67,4,10,1,2,17,2,1,0.4,0.5,0.67,17,8.5,0
61,2,75,76,5,7,2,3,10,1,0,0.7143,0.6667,0.76,17,10.0,0
62,9,39,51,4,9,0,1,12,1,0,0.4444,0.0,0.51,13,12.0,0
63,8,47,59,5,11,1,2,5,2,1,0.4545,0.5,0.59,9,2.5,0
64,10,2,56,0,8,0,1,2,4,3,0.0,0.0,0.56,33,0.5,1
65,7,62,69,7,12,1,1,13,4,3,0.5833,1.0,0.69,4,3.25,0
66,1,37,28,3,8,0,1,8,2,1,0.375,0.0,0.28,10,4.0,0
67,1,37,80,1,4,0,1,17,1,0,0.25,0.0,0.8,15,17.0,0
68,3,36,24,1,4,1,3,7,3,2,0.25,0.3333,0.24,37,2.3333,0
69,9,90,85,7,8,1,1,25,3,1,0.875,1.0,0.85,4,8.3333,0
70,5,91,70,5,5,4,4,12,3,1,1.0,1.0,0.7,2,4.0,0
71,10,35,51,3,8,0,1,16,2,1,0.375,0.0,0.51,6,8.0,0
72,4,8,44,0,4,0,4,4,4,1,0.0,0.0,0.44,26,1.0,1
73,7,24,32,2,8,0,1,5,3,2,0.25,0.0,0.32,24,1.6667,1
74,5,41,71,5,12,0,1,16,2,0,0.4167,0.0,0.71,9,8.0,0
75,2,87,83,10,12,2,2,22,2,1,0.8333,1.0,0.83,6,11.0,0
76,2,43,68,3,7,2,4,16,1,0,0.4286,0.5,0.68,7,16.0,0
77,5,44,60,4,8,0,1,12,3,1,0.5,0.0,0.6,11,4.0,0
78,7,15,42,1,9,0,2,3,3,1,0.1111,0.0,0.42,16,1.0,1
79,10,33,25,3,8,1,4,7,3,2,0.375,0.25,0.25,42,2.3333,1
80,6,17,40,1,6,0,2,1,1,0,0.1667,0.0,0.4,11,1.0,1
81,1,85,80,9,11,1,1,13,3,0,0.8182,1.0,0.8,3,4.3333,0
82,10,38,37,2,4,1,2,6,1,0,0.5,0.5,0.37,23,6.0,1
83,7,16,23,1,5,0,3,4,4,1,0.2,0.0,0.23,44,1.0,1
84,4,72,69,4,5,2,3,5,3,0,0.8,0.6667,0.69,8,1.6667,0
85,5,7,57,0,5,0,3,8,3,0,0.0,0.0,0.57,44,2.6667,1
86,9,69,62,6,9,1,1,6,4,3,0.6667,1.0,0.62,7,1.5,0
87,5,70,77,6,8,3,4,29,1,0,0.75,0.75,0.77,7,29.0,0
88,2,55,72,3,6,1,1,5,1,0,0.5,1.0,0.72,10,5.0,0
89,9,61,62,7,11,2,4,15,4,2,0.6364,0.5,0.62,13,3.75,0
90,1,73,76,7,10,2,3,11,3,2,0.7,0.6667,0.76,7,3.6667,0
91,4,72,53,6,8,1,2,9,2,1,0.75,0.5,0.53,15,4.5,0
92,5,75,78,6,8,1,1,13,2,0,0.75,1.0,0.78,12,6.5,0
93,4,1,48,0,5,0,2,3,2,0,0.0,0.0,0.48,25,1.5,0
94,6,56,69,4,7,1,2,17,4,2,0.5714,0.5,0.69,13,4.25,0
95,10,72,58,7,10,2,3,13,4,1,0.7,0.6667,0.58,17,3.25,0
96,9,61,67,5,8,2,3,13,2,1,0.625,0.6667,0.67,17,6.5,0
97,2,65,69,4,6,3,4,5,1,0,0.6667,0.75,0.69,8,5.0,1
98,6,22,55,2,10,1,4,2,4,0,0.2,0.25,0.55,26,0.5,1
99,5,57,74,5,9,1,1,17,2,1,0.5556,1.0,0.74,6,8.5,1
100,1,66,98,5,7,3,4,26,3,1,0.7143,0.75,0.98,5,8.6667,0
101,8,17,22,2,10,1,3,2,1,0,0.2,0.3333,0.22,41,2.0,1
102,7,45,70,3,7,0,1,5,4,1,0.4286,0.0,0.7,10,1.25,0
103,7,10,41,1,10,0,2,7,4,3,0.1,0.0,0.41,22,1.75,1
104,3,84,97,7,8,2,2,13,3,0,0.875,1.0,0.97,6,4.3333,0
105,5,37,46,4,10,1,2,6,2,1,0.4,0.5,0.46,20,3.0,0
106,2,65,68,3,5,3,4,10,2,1,0.6,0.75,0.68,3,5.0,0
107,4,78,80,4,5,1,1,21,1,0,0.8,1.0,0.8,1,21.0,0
108,10,49,77,4,9,2,4,17,4,2,0.4444,0.5,0.77,17,4.25,0
109,6,85,80,6,7,3,4,29,2,1,0.8571,0.75,0.8,7,14.5,0
110,3,88,96,8,9,3,3,16,2,0,0.8889,1.0,0.96,1,8.0,0
111,2,45,74,2,4,1,2,15,3,1,0.5,0.5,0.74,11,5.0,0
112,10,31,47,4,12,1,3,2,4,1,0.3333,0.3333,0.47,41,0.5,1
113,2,48,79,3,6,0,1,11,4,1,0.5,0.0,0.79,14,2.75,1
114,10,68,71,8,12,2,3,22,1,0,0.6667,0.6667,0.71,1,22.0,0
115,3,76,96,6,8,3,4,23,2,1,0.75,0.75,0.96,0,11.5,0
116,1,82,82,7,8,1,1,18,1,0,0.875,1.0,0.82,1,18.0,0
117,1,68,85,5,7,3,4,20,1,0,0.7143,0.75,0.85,2,20.0,0
118,4,24,30,2,8,1,4,2,3,0,0.25,0.25,0.3,18,0.6667,1
119,9,44,57,4,10,1,2,11,1,0,0.4,0.5,0.57,16,11.0,0
120,9,70,79,7,10,1,1,10,4,0,0.7,1.0,0.79,1,2.5,0
121,1,90,89,10,11,1,1,15,1,0,0.9091,1.0,0.89,3,15.0,0
122,6,75,96,8,10,3,4,23,2,0,0.8,0.75,0.96,4,11.5,0
123,10,11,42,1,11,0,2,8,3,2,0.0909,0.0,0.42,25,2.6667,1
124,10,84,94,8,10,3,4,22,2,0,0.8,0.75,0.94,0,11.0,0
125,7,67,92,4,6,3,4,18,1,0,0.6667,0.75,0.92,2,18.0,0
126,7,64,75,6,10,3,4,6,4,0,0.6,0.75,0.75,7,1.5,0
127,6,37,55,4,10,0,1,11,1,0,0.4,0.0,0.55,14,11.0,1
128,10,26,43,3,12,0,1,1,3,2,0.25,0.0,0.43,23,0.3333,1
129,5,87,92,7,8,1,1,19,3,0,0.875,1.0,0.92,0,6.3333,0
130,3,66,88,8,12,3,4,14,4,3,0.6667,0.75,0.88,1,3.5,0
131,7,57,73,5,9,1,1,11,3,2,0.5556,1.0,0.73,13,3.6667,0
132,6,72,65,7,10,3,4,5,1,0,0.7,0.75,0.65,17,5.0,0
133,8,92,97,6,7,2,2,18,1,0,0.8571,1.0,0.97,5,18.0,0
134,7,89,76,6,7,4,4,28,4,3,0.8571,1.0,0.76,7,7.0,0
135,4,33,46,3,8,1,4,3,3,0,0.375,0.25,0.46,23,1.0,1
136,8,53,53,4,8,2,4,16,3,2,0.5,0.5,0.53,14,5.3333,0
137,6,43,64,2,4,0,1,7,4,3,0.5,0.0,0.64,3,1.75,0
138,4,60,59,7,12,2,4,12,3,1,0.5833,0.5,0.59,8,4.0,0
139,1,73,52,7,9,2,3,9,2,0,0.7778,0.6667,0.52,5,4.5,0
140,4,36,60,2,6,0,1,17,3,0,0.3333,0.0,0.6,3,5.6667,0
141,5,96,84,10,10,3,3,30,1,1,1.0,1.0,0.84,1,30.0,0
142,1,74,70,6,8,1,2,11,4,0,0.75,0.5,0.7,3,2.75,0
143,7,69,79,8,11,1,1,26,2,1,0.7273,1.0,0.79,2,13.0,0
144,2,45,44,5,12,1,3,3,1,0,0.4167,0.3333,0.44,12,3.0,1
145,3,4,50,0,8,0,2,3,3,1,0.0,0.0,0.5,31,1.0,1
146,2,17,43,1,8,0,1,6,3,0,0.125,0.0,0.43,28,2.0,1
147,9,34,21,2,7,0,1,5,4,1,0.2857,0.0,0.21,17,1.25,1
148,2,71,96,7,10,1,1,13,3,1,0.7,1.0,0.96,4,4.3333,0
149,2,32,43,2,6,1,4,6,2,1,0.3333,0.25,0.43,40,3.0,1
150,6,66,99,4,6,1,1,28,1,0,0.6667,1.0,0.99,0,28.0,0
151,8,51,66,3,6,1,2,10,2,0,0.5,0.5,0.66,15,5.0,0
152,2,22,26,3,12,0,1,3,3,2,0.25,0.0,0.26,15,1.0,1
153,3,70,98,8,11,1,1,16,4,2,0.7273,1.0,0.98,0,4.0,0
154,10,84,96,6,7,3,3,12,4,3,0.8571,1.0,0.96,7,3.0,0
155,8,31,33,3,11,0,1,0,4,1,0.2727,0.0,0.33,29,0.0,1
156,7,34,53,3,9,0,1,1,4,2,0.3333,0.0,0.53,17,0.25,1
157,5,12,31,1,10,0,1,0,2,0,0.1,0.0,0.31,40,0.0,1
158,5,60,54,3,5,2,4,13,2,0,0.6,0.5,0.54,16,6.5,0
159,8,37,64,2,6,1,3,17,3,1,0.3333,0.3333,0.64,12,5.6667,0
160,1,95,100,10,10,4,4,16,4,3,1.0,1.0,1.0,3,4.0,0
161,8,42,59,3,8,1,3,17,3,1,0.375,0.3333,0.59,8,5.6667,0
162,4,58,68,4,7,2,4,14,4,1,0.5714,0.5,0.68,10,3.5,0
163,5,54,63,4,7,1,2,6,4,0,0.5714,0.5,0.63,6,1.5,0
164,2,88,97,8,9,3,3,26,1,0,0.8889,1.0,0.97,2,26.0,0
165,10,45,55,5,11,2,4,16,2,1,0.4545,0.5,0.55,4,8.0,0
166,2,34,28,2,6,1,3,4,3,2,0.3333,0.3333,0.28,43,1.3333,1
167,6,45,51,4,9,1,3,14,4,2,0.4444,0.3333,0.51,7,3.5,0
168,4,63,77,5,8,1,1,12,2,0,0.625,1.0,0.77,17,6.0,0
169,9,48,71,5,11,1,2,10,3,2,0.4545,0.5,0.71,10,3.3333,0
170,4,14,54,1,7,1,4,8,1,0,0.1429,0.25,0.54,42,8.0,1
171,8,60,64,4,6,2,4,8,3,1,0.6667,0.5,0.64,13,2.6667,0
172,4,59,58,4,6,1,2,13,4,1,0.6667,0.5,0.58,6,3.25,0
173,9,53,74,4,7,1,1,15,1,0,0.5714,1.0,0.74,5,15.0,0
174,2,53,80,5,9,1,1,7,4,0,0.5556,1.0,0.8,7,1.75,0
175,5,42,45,4,9,2,4,8,1,0,0.4444,0.5,0.45,12,8.0,0
176,3,71,64,4,6,1,2,14,4,2,0.6667,0.5,0.64,4,3.5,0
177,2,47,71,4,8,1,3,13,1,0,0.5,0.3333,0.71,14,13.0,0
178,10,89,92,4,4,3,3,30,2,0,1.0,1.0,0.92,0,15.0,0
179,2,37,73,3,7,0,1,9,4,2,0.4286,0.0,0.73,8,2.25,0
180,9,44,73,5,12,1,2,15,1,0,0.4167,0.5,0.73,13,15.0,0
181,5,42,23,3,6,0,1,1,2,1,0.5,0.0,0.23,21,0.5,1
182,6,35,76,1,4,0,1,6,1,0,0.25,0.0,0.76,14,6.0,0
183,8,71,72,8,11,1,2,15,4,2,0.7273,0.5,0.72,6,3.75,0
184,6,57,72,2,4,1,1,8,2,1,0.5,1.0,0.72,11,4.0,0
185,6,54,62,5,10,2,3,13,1,0,0.5,0.6667,0.62,6,13.0,0
186,10,68,75,3,5,3,4,10,4,0,0.6,0.75,0.75,1,2.5,0
187,4,42,63,5,11,0,1,10,1,0,0.4545,0.0,0.63,16,10.0,0
188,9,87,76,10,12,3,4,23,4,1,0.8333,0.75,0.76,3,5.75,0
189,1,25,35,2,9,1,3,4,1,0,0.2222,0.3333,0.35,34,4.0,0
190,10,82,78,7,9,2,2,15,4,0,0.7778,1.0,0.78,3,3.75,0
191,9,69,86,3,5,1,2,16,2,1,0.6,0.5,0.86,1,8.0,0
192,9,65,88,3,4,1,2,26,3,2,0.75,0.5,0.88,7,8.6667,0
193,2,69,79,3,4,1,2,5,2,0,0.75,0.5,0.79,10,2.5,0
194,5,89,97,4,5,2,2,18,1,0,0.8,1.0,0.97,0,18.0,0
195,6,6,27,0,5,0,1,3,2,0,0.0,0.0,0.27,21,1.5,1
196,1,52,56,4,7,1,2,16,1,0,0.5714,0.5,0.56,15,16.0,0
197,10,81,89,8,10,1,1,12,1,0,0.8,1.0,0.89,3,12.0,0
198,9,40,80,2,4,2,4,5,1,0,0.5,0.5,0.8,9,5.0,0
199,5,72,74,6,8,3,4,7,4,3,0.75,0.75,0.74,16,1.75,0
200,6,74,74,6,8,1,2,15,3,1,0.75,0.5,0.74,8,5.0,0
201,2,93,96,5,5,1,1,22,3,1,1.0,1.0,0.96,0,7.3333,0
202,5,29,52,2,7,1,4,6,2,1,0.2857,0.25,0.52,42,3.0,1
203,4,46,70,6,12,1,3,12,2,0,0.5,0.3333,0.7,8,6.0,0
204,1,68,85,5,7,2,3,30,2,1,0.7143,0.6667,0.85,5,15.0,0
205,3,83,95,8,10,3,4,29,1,0,0.8,0.75,0.95,7,29.0,0
206,6,38,36,5,12,0,1,8,4,2,0.4167,0.0,0.36,13,2.0,0
207,7,62,52,2,4,2,4,9,3,0,0.5,0.5,0.52,3,3.0,0
208,9,85,94,4,5,2,2,16,4,3,0.8,1.0,0.94,7,4.0,0
209,9,74,83,7,9,1,1,13,2,0,0.7778,1.0,0.83,6,6.5,0
210,6,39,27,2,4,2,4,5,4,3,0.5,0.5,0.27,42,1.25,1
211,2,68,57,3,4,1,2,13,4,2,0.75,0.5,0.57,11,3.25,0
212,7,40,53,5,12,1,2,15,1,0,0.4167,0.5,0.53,16,15.0,0
213,9,3,20,0,10,0,2,4,3,1,0.0,0.0,0.2,42,1.3333,1
214,6,62,74,3,5,2,3,6,1,0,0.6,0.6667,0.74,12,6.0,0
215,10,72,87,6,8,3,4,20,2,0,0.75,0.75,0.87,1,10.0,0
216,1,19,59,1,5,0,2,0,3,1,0.2,0.0,0.59,18,0.0,1
217,9,52,61,5,9,1,2,7,3,1,0.5556,0.5,0.61,3,2.3333,0
218,10,57,59,5,9,1,1,16,2,0,0.5556,1.0,0.59,10,8.0,0
219,8,69,70,8,11,3,4,29,1,0,0.7273,0.75,0.7,6,29.0,0
220,1,58,74,7,12,2,4,17,1,0,0.5833,0.5,0.74,9,17.0,0
221,3,71,76,4,6,3,4,14,1,0,0.6667,0.75,0.76,7,14.0,0
222,2,38,45,4,10,1,3,3,4,2,0.4,0.3333,0.45,39,0.75,1
223,2,74,77,4,6,2,3,17,2,1,0.6667,0.6667,0.77,6,8.5,0
224,5,50,56,4,8,2,4,6,1,0,0.5,0.5,0.56,8,6.0,0
225,6,20,54,2,11,1,3,0,1,0,0.1818,0.3333,0.54,31,0.0,1
226,9,100,81,5,5,2,2,23,4,4,1.0,1.0,0.81,4,5.75,0
227,10,98,71,9,9,1,1,14,1,1,1.0,1.0,0.71,1,14.0,0
228,6,67,56,4,6,2,3,15,4,2,0.6667,0.6667,0.56,10,3.75,0
229,7,77,84,9,12,1,1,18,2,1,0.75,1.0,0.84,1,9.0,0
230,10,52,55,3,6,2,4,9,1,0,0.5,0.5,0.55,12,9.0,0
231,7,92,92,5,5,2,2,13,3,2,1.0,1.0,0.92,7,4.3333,0
232,9,55,50,2,4,2,3,17,2,0,0.5,0.6667,0.5,10,8.5,0
233,10,74,52,6,8,1,2,12,1,0,0.75,0.5,0.52,14,12.0,0
234,3,0,39,0,9,0,1,8,2,0,0.0,0.0,0.39,27,4.0,1
235,9,29,57,3,11,1,3,4,3,0,0.2727,0.3333,0.57,24,1.3333,1
236,9,66,70,4,6,1,2,17,3,1,0.6667,0.5,0.7,16,5.6667,0
237,7,55,65,6,11,1,2,11,1,0,0.5455,0.5,0.65,9,11.0,0
238,4,43,53,2,5,1,2,7,4,2,0.4,0.5,0.53,14,1.75,0
239,3,75,76,3,4,3,4,16,2,1,0.75,0.75,0.76,3,8.0,0
240,8,90,93,9,10,1,1,26,2,1,0.9,1.0,0.93,2,13.0,0
241,2,90,87,5,6,2,2,24,1,0,0.8333,1.0,0.87,6,24.0,0
242,1,39,75,2,6,2,4,10,2,1,0.3333,0.5,0.75,6,5.0,0
243,4,42,60,3,7,0,1,14,1,0,0.4286,0.0,0.6,8,14.0,0
244,2,74,70,4,6,1,1,24,2,1,0.6667,1.0,0.7,3,12.0,0
245,4,16,40,1,8,1,4,5,1,0,0.125,0.25,0.4,31,5.0,1
246,9,38,57,3,8,1,3,7,2,0,0.375,0.3333,0.57,27,3.5,1
247,8,54,65,2,4,2,3,10,3,2,0.5,0.6667,0.65,9,3.3333,0
248,6,72,94,9,12,1,1,27,4,3,0.75,1.0,0.94,0,6.75,0
249,2,47,73,6,12,0,1,15,3,1,0.5,0.0,0.73,7,5.0,0
250,10,72,75,9,12,2,3,14,3,0,0.75,0.6667,0.75,1,4.6667,0
251,8,69,70,5,7,1,1,14,1,0,0.7143,1.0,0.7,5,14.0,0
252,10,97,79,6,6,4,4,30,4,2,1.0,1.0,0.79,5,7.5,0
253,3,65,83,5,7,3,4,19,3,0,0.7143,0.75,0.83,7,6.3333,0
254,7,17,54,2,10,1,3,6,1,0,0.2,0.3333,0.54,17,6.0,1
255,4,66,97,8,12,3,4,25,4,3,0.6667,0.75,0.97,4,6.25,0
256,1,44,55,3,7,1,3,7,3,1,0.4286,0.3333,0.55,5,2.3333,0
257,8,61,54,7,11,2,3,7,2,1,0.6364,0.6667,0.54,17,3.5,0
258,5,38,73,2,4,0,1,6,2,0,0.5,0.0,0.73,17,3.0,0
259,2,81,75,4,5,2,2,14,4,2,0.8,1.0,0.75,6,3.5,0
260,9,74,74,7,9,1,2,29,3,1,0.7778,0.5,0.74,0,9.6667,0
261,5,79,72,9,11,2,3,26,3,1,0.8182,0.6667,0.72,1,8.6667,0
262,8,11,54,1,7,0,4,2,3,0,0.1429,0.0,0.54,12,0.6667,1
263,6,28,44,2,6,0,1,1,4,0,0.3333,0.0,0.44,14,0.25,1
264,10,8,41,1,12,0,2,6,1,0,0.0833,0.0,0.41,44,6.0,1
265,9,100,77,9,9,2,2,20,3,2,1.0,1.0,0.77,2,6.6667,0
266,9,36,52,3,7,1,4,6,3,0,0.4286,0.25,0.52,18,2.0,0
267,7,20,59,2,11,0,1,6,4,3,0.1818,0.0,0.59,10,1.5,0
268,4,61,52,4,7,1,2,7,1,0,0.5714,0.5,0.52,17,7.0,0
269,7,13,44,1,11,0,1,5,4,1,0.0909,0.0,0.44,23,1.25,1
270,9,44,68,3,6,2,4,13,4,3,0.5,0.5,0.68,7,3.25,1
271,5,64,68,3,5,3,4,11,1,0,0.6,0.75,0.68,10,11.0,0
272,9,36,62,4,11,1,4,16,1,0,0.3636,0.25,0.62,17,16.0,0
273,6,70,72,4,6,2,3,8,1,0,0.6667,0.6667,0.72,16,8.0,0
274,5,73,82,8,11,3,4,17,4,1,0.7273,0.75,0.82,0,4.25,0
275,8,39,64,3,7,1,3,10,1,0,0.4286,0.3333,0.64,4,10.0,0
276,7,2,34,0,4,0,4,5,1,0,0.0,0.0,0.34,43,5.0,1
277,2,37,33,2,5,1,4,1,2,0,0.4,0.25,0.33,38,0.5,1
278,2,3,23,0,5,0,2,0,1,0,0.0,0.0,0.23,12,0.0,1
279,8,66,62,6,9,1,1,8,3,1,0.6667,1.0,0.62,16,2.6667,0
280,6,41,64,3,7,1,2,7,2,1,0.4286,0.5,0.64,4,3.5,0
281,5,11,48,1,5,0,4,8,3,1,0.2,0.0,0.48,21,2.6667,1
282,9,92,76,10,11,4,4,24,3,2,0.9091,1.0,0.76,3,8.0,0
283,10,46,58,4,9,0,1,10,3,0,0.4444,0.0,0.58,12,3.3333,0
284,7,57,71,3,6,2,3,5,4,1,0.5,0.6667,0.71,12,1.25,0
285,5,44,75,2,4,2,4,15,1,0,0.5,0.5,0.75,14,15.0,0
286,5,66,66,5,8,1,1,6,3,2,0.625,1.0,0.66,10,2.0,0
287,10,75,72,9,12,2,3,5,2,1,0.75,0.6667,0.72,4,2.5,0
288,6,55,80,7,12,1,2,11,2,1,0.5833,0.5,0.8,17,5.5,0
289,2,88,83,4,5,1,1,26,3,2,0.8,1.0,0.83,2,8.6667,1
290,3,7,59,1,9,0,4,3,3,0,0.1111,0.0,0.59,15,1.0,0
291,4,7,29,0,6,0,2,8,4,2,0.0,0.0,0.29,18,2.0,1
292,5,100,92,11,11,2,2,17,2,2,1.0,1.0,0.92,2,8.5,0
293,3,5,41,0,10,0,4,5,3,2,0.0,0.0,0.41,21,1.6667,1
294,4,24,29,1,5,0,2,8,2,0,0.2,0.0,0.29,20,4.0,1
295,10,44,31,5,12,2,4,2,3,1,0.4167,0.5,0.31,11,0.6667,1
296,2,61,71,5,8,2,3,15,2,0,0.625,0.6667,0.71,14,7.5,0
297,4,45,38,3,7,0,1,2,1,0,0.4286,0.0,0.38,11,2.0,1
298,8,69,75,3,5,1,1,23,4,1,0.6,1.0,0.75,2,5.75,0
299,1,85,70,3,4,3,4,12,1,0,0.75,0.75,0.7,6,12.0,0
300,3,80,84,6,8,2,3,23,4,0,0.75,0.6667,0.84,6,5.75,0
301,1,62,54,6,9,2,4,7,4,2,0.6667,0.5,0.54,16,1.75,0
302,2,74,67,7,9,3,4,16,2,1,0.7778,0.75,0.67,7,8.0,0
303,4,54,72,5,10,1,1,5,2,0,0.5,1.0,0.72,8,2.5,0
304,3,35,29,3,9,1,3,0,1,0,0.3333,0.3333,0.29,34,0.0,1
305,7,73,96,7,9,2,3,22,2,0,0.7778,0.6667,0.96,1,11.0,0
306,5,20,28,1,5,1,4,8,3,0,0.2,0.25,0.28,31,2.6667,1
307,6,0,49,0,12,0,3,1,4,0,0.0,0.0,0.49,43,0.25,1
308,10,2,45,0,11,0,1,5,2,0,0.0,0.0,0.45,42,2.5,1
309,6,91,91,5,5,3,3,13,4,2,1.0,1.0,0.91,5,3.25,0
310,5,5,50,0,8,0,2,3,4,0,0.0,0.0,0.5,10,0.75,1
311,8,73,53,6,8,2,3,17,4,2,0.75,0.6667,0.53,6,4.25,0
312,4,54,78,6,11,1,1,8,1,0,0.5455,1.0,0.78,4,8.0,0
313,7,89,90,7,8,1,1,17,2,0,0.875,1.0,0.9,6,8.5,0
314,8,46,50,5,10,0,1,14,3,0,0.5,0.0,0.5,15,4.6667,0
315,9,42,53,5,11,2,4,16,3,1,0.4545,0.5,0.53,8,5.3333,0
316,3,89,86,4,5,1,1,19,1,0,0.8,1.0,0.86,2,19.0,0
317,7,83,83,6,7,2,3,24,3,0,0.8571,0.6667,0.83,0,8.0,0
318,4,81,77,8,10,1,1,19,2,0,0.8,1.0,0.77,2,9.5,0
319,1,56,54,4,7,2,4,13,3,2,0.5714,0.5,0.54,3,4.3333,0
320,4,38,58,4,10,0,1,0,4,2,0.4,0.0,0.58,21,0.0,1
321,10,67,58,4,6,3,4,17,4,2,0.6667,0.75,0.58,16,4.25,0
322,1,93,80,11,12,3,3,30,1,0,0.9167,1.0,0.8,0,30.0,0
323,1,35,64,1,4,1,4,17,2,0,0.25,0.25,0.64,5,8.5,0
324,3,99,94,4,4,3,3,10,1,1,1.0,1.0,0.94,4,10.0,0
325,1,23,59,3,12,1,3,7,3,2,0.25,0.3333,0.59,19,2.3333,0
326,9,39,35,2,5,1,2,4,4,3,0.4,0.5,0.35,21,1.0,1
327,8,36,67,2,6,0,1,14,3,1,0.3333,0.0,0.67,6,4.6667,0
328,2,51,60,4,7,1,2,14,2,0,0.5714,0.5,0.6,7,7.0,0
329,2,85,71,9,11,1,1,19,2,1,0.8182,1.0,0.71,7,9.5,0
330,1,89,93,7,8,1,1,12,2,1,0.875,1.0,0.93,2,6.0,0
331,3,64,71,6,9,1,1,11,2,1,0.6667,1.0,0.71,17,5.5,0
332,2,81,89,9,11,2,3,10,1,0,0.8182,0.6667,0.89,2,10.0,0
333,10,92,77,6,6,1,1,15,4,0,1.0,1.0,0.77,2,3.75,0
334,3,50,80,2,5,2,4,9,2,0,0.4,0.5,0.8,8,4.5,1
335,1,27,60,2,6,0,1,8,1,0,0.3333,0.0,0.6,22,8.0,1
336,6,3,51,0,12,0,2,7,2,1,0.0,0.0,0.51,35,3.5,1
337,2,94,72,9,10,3,3,20,1,0,0.9,1.0,0.72,7,20.0,0
338,5,38,54,4,10,0,1,13,4,2,0.4,0.0,0.54,3,3.25,0
339,8,92,78,7,8,4,4,18,4,0,0.875,1.0,0.78,7,4.5,0
340,5,51,51,3,6,2,4,7,2,1,0.5,0.5,0.51,16,3.5,0
341,9,37,62,4,10,1,2,8,2,1,0.4,0.5,0.62,10,4.0,0
342,8,58,64,4,7,2,3,17,2,1,0.5714,0.6667,0.64,15,8.5,0
343,10,7,25,1,8,0,4,4,3,0,0.125,0.0,0.25,42,1.3333,1
344,4,12,58,1,9,0,2,3,3,1,0.1111,0.0,0.58,14,1.0,1
345,8,0,22,0,7,0,3,4,2,0,0.0,0.0,0.22,27,2.0,1
346,4,43,30,2,5,1,2,2,2,0,0.4,0.5,0.3,16,1.0,1
347,6,90,73,7,8,2,2,30,4,1,0.875,1.0,0.73,5,7.5,0
348,3,98,97,8,8,4,4,22,4,3,1.0,1.0,0.97,0,5.5,0
349,10,65,62,4,6,1,2,7,3,2,0.6667,0.5,0.62,7,2.3333,0
350,5,67,73,7,10,2,3,12,2,1,0.7,0.6667,0.73,5,6.0,0
351,7,51,77,6,11,2,4,6,4,1,0.5455,0.5,0.77,10,1.5,0
352,9,75,84,6,8,2,2,21,2,1,0.75,1.0,0.84,2,10.5,0
353,4,48,62,5,10,1,2,9,3,1,0.5,0.5,0.62,6,3.0,0
354,1,27,32,2,7,1,2,1,4,3,0.2857,0.5,0.32,28,0.25,0
355,8,57,80,6,10,1,2,10,1,0,0.6,0.5,0.8,15,10.0,0
356,1,1,40,0,4,0,1,6,4,3,0.0,0.0,0.4,12,1.5,1
357,10,34,41,3,9,1,2,0,1,0,0.3333,0.5,0.41,40,0.0,1
358,8,70,65,4,5,1,1,5,1,0,0.8,1.0,0.65,9,5.0,0
359,8,72,85,7,10,1,2,24,4,0,0.7,0.5,0.85,7,6.0,0
360,2,59,68,3,5,2,4,8,3,0,0.6,0.5,0.68,6,2.6667,1
361,1,66,99,7,10,2,3,30,4,1,0.7,0.6667,0.99,5,7.5,0
362,8,38,60,2,6,1,2,11,3,1,0.3333,0.5,0.6,14,3.6667,0
363,7,100,82,12,12,3,3,10,1,1,1.0,1.0,0.82,3,10.0,0
364,2,8,53,0,6,0,2,5,4,3,0.0,0.0,0.53,27,1.25,1
365,1,75,78,3,4,2,2,30,2,0,0.75,1.0,0.78,3,15.0,0
366,2,55,54,5,9,1,2,9,4,1,0.5556,0.5,0.54,8,2.25,0
367,2,38,35,2,4,1,3,5,3,0,0.5,0.3333,0.35,29,1.6667,1
368,7,91,70,4,4,3,3,10,1,0,1.0,1.0,0.7,5,10.0,0
369,8,68,97,7,11,1,1,21,4,2,0.6364,1.0,0.97,0,5.25,0
370,3,40,40,4,10,1,2,4,4,3,0.4,0.5,0.4,10,1.0,1
371,6,37,53,4,11,1,4,6,3,2,0.3636,0.25,0.53,16,2.0,0
372,7,49,66,5,11,1,2,11,2,0,0.4545,0.5,0.66,6,5.5,0
373,8,78,94,5,6,3,4,14,3,1,0.8333,0.75,0.94,6,4.6667,0
374,2,80,74,10,12,3,4,10,1,0,0.8333,0.75,0.74,4,10.0,0
375,1,77,93,4,5,3,4,11,4,2,0.8,0.75,0.93,0,2.75,0
376,9,35,56,2,7,1,3,17,2,0,0.2857,0.3333,0.56,17,8.5,0
377,2,44,74,3,7,1,3,14,2,1,0.4286,0.3333,0.74,13,7.0,0
378,3,85,97,5,6,3,3,21,4,2,0.8333,1.0,0.97,2,5.25,0
379,7,72,65,6,8,1,2,6,2,0,0.75,0.5,0.65,8,3.0,0
380,2,98,73,4,4,4,4,25,4,4,1.0,1.0,0.73,1,6.25,0
381,1,67,91,8,12,2,3,23,2,1,0.6667,0.6667,0.91,6,11.5,0
382,9,59,78,6,10,2,4,7,4,0,0.6,0.5,0.78,13,1.75,0
383,6,17,60,1,7,0,2,1,1,0,0.1429,0.0,0.6,27,1.0,1
384,3,37,51,3,7,1,2,10,4,2,0.4286,0.5,0.51,10,2.5,0
385,4,64,58,6,9,2,3,15,3,2,0.6667,0.6667,0.58,14,5.0,0
386,6,95,86,10,10,1,1,28,3,3,1.0,1.0,0.86,7,9.3333,0
387,4,44,77,4,9,0,1,9,3,2,0.4444,0.0,0.77,15,3.0,0
388,6,1,49,0,10,0,2,4,2,0,0.0,0.0,0.49,22,2.0,0
389,8,42,78,2,5,1,2,9,3,2,0.4,0.5,0.78,17,3.0,0
390,3,39,35,2,6,1,2,6,4,3,0.3333,0.5,0.35,39,1.5,1
391,10,74,55,7,9,3,4,17,4,3,0.7778,0.75,0.55,3,4.25,0
392,9,91,95,11,12,3,3,20,1,0,0.9167,1.0,0.95,5,20.0,0
393,1,32,31,3,10,1,4,0,3,2,0.3,0.25,0.31,39,0.0,1
394,1,61,71,5,8,2,4,16,1,0,0.625,0.5,0.71,9,16.0,0
395,8,95,70,6,6,2,2,29,3,3,1.0,1.0,0.7,1,9.6667,0
396,3,66,69,5,7,2,3,16,2,0,0.7143,0.6667,0.69,7,8.0,0
397,1,68,66,8,12,3,4,13,3,1,0.6667,0.75,0.66,12,4.3333,1
398,7,42,74,2,4,2,4,9,2,0,0.5,0.5,0.74,5,4.5,0
399,4,52,75,4,8,1,1,6,3,2,0.5,1.0,0.75,6,2.0,0
400,4,98,79,7,7,1,1,21,1,1,1.0,1.0,0.79,4,21.0,0
401,5,84,91,8,10,3,4,10,1,0,0.8,0.75,0.91,7,10.0,0
402,3,60,71,7,11,1,1,14,1,0,0.6364,1.0,0.71,4,14.0,0
403,6,91,73,5,6,2,2,23,1,0,0.8333,1.0,0.73,3,23.0,1
404,10,21,53,2,9,1,3,4,1,0,0.2222,0.3333,0.53,22,4.0,1
405,7,69,98,8,11,3,4,10,2,1,0.7273,0.75,0.98,3,5.0,0
406,8,35,76,2,5,1,2,7,1,0,0.4,0.5,0.76,8,7.0,0
407,1,35,51,2,7,1,4,7,1,0,0.2857,0.25,0.51,32,7.0,1
408,8,38,79,5,12,1,2,12,4,1,0.4167,0.5,0.79,17,3.0,0
409,5,22,21,2,8,0,2,1,2,1,0.25,0.0,0.21,13,0.5,1
410,8,16,57,1,9,0,1,4,2,0,0.1111,0.0,0.57,38,2.0,1
411,8,78,96,4,5,2,2,27,4,3,0.8,1.0,0.96,4,6.75,0
412,10,10,56,1,12,0,2,1,2,1,0.0833,0.0,0.56,29,0.5,1
413,6,100,72,4,4,2,2,20,4,4,1.0,1.0,0.72,4,5.0,0
414,7,52,69,4,8,1,1,8,4,1,0.5,1.0,0.69,6,2.0,0
415,2,46,76,5,11,2,4,8,4,3,0.4545,0.5,0.76,6,2.0,0
416,10,30,22,3,11,0,1,1,2,0,0.2727,0.0,0.22,44,0.5,1
417,9,9,36,0,4,0,2,5,3,0,0.0,0.0,0.36,24,1.6667,1
418,4,51,67,6,11,2,3,7,2,1,0.5455,0.6667,0.67,6,3.5,0
419,9,50,64,4,9,0,1,12,3,1,0.4444,0.0,0.64,7,4.0,0
420,5,58,53,5,8,1,2,15,4,2,0.625,0.5,0.53,10,3.75,0
421,8,12,26,1,9,0,4,5,3,0,0.1111,0.0,0.26,13,1.6667,1
422,4,89,85,5,6,3,3,13,4,1,0.8333,1.0,0.85,4,3.25,0
423,4,8,26,0,6,0,4,7,3,0,0.0,0.0,0.26,38,2.3333,1
424,10,63,50,7,11,3,4,14,4,2,0.6364,0.75,0.5,8,3.5,0
425,8,77,75,6,8,3,4,23,4,3,0.75,0.75,0.75,4,5.75,0
426,4,6,59,0,6,0,4,2,3,1,0.0,0.0,0.59,17,0.6667,0
427,10,72,75,5,7,2,3,9,3,1,0.7143,0.6667,0.75,6,3.0,0
428,3,93,74,9,10,4,4,20,4,3,0.9,1.0,0.74,3,5.0,0
429,1,57,58,3,5,2,3,10,4,0,0.6,0.6667,0.58,11,2.5,0
430,3,85,79,8,10,1,1,21,1,0,0.8,1.0,0.79,6,21.0,0
431,9,93,94,7,7,2,2,26,2,1,1.0,1.0,0.94,1,13.0,0
432,1,4,23,0,4,0,3,7,2,1,0.0,0.0,0.23,29,3.5,1
433,6,62,63,6,10,2,3,14,4,2,0.6,0.6667,0.63,12,3.5,0
434,2,23,38,1,4,0,1,6,1,0,0.25,0.0,0.38,13,6.0,1
435,9,10,56,1,6,0,1,0,1,0,0.1667,0.0,0.56,15,0.0,1
436,8,39,58,4,9,1,3,6,2,0,0.4444,0.3333,0.58,10,3.0,0
437,1,77,93,7,9,1,1,15,3,2,0.7778,1.0,0.93,5,5.0,0
438,6,32,23,3,8,1,2,6,1,0,0.375,0.5,0.23,26,6.0,1
439,10,69,60,3,4,2,3,13,4,3,0.75,0.6667,0.6,11,3.25,0
440,1,37,68,3,8,1,3,8,1,0,0.375,0.3333,0.68,4,8.0,0
441,6,71,70,7,10,3,4,14,4,0,0.7,0.75,0.7,0,3.5,1
442,7,56,58,4,7,1,1,12,2,0,0.5714,1.0,0.58,14,6.0,0
443,8,89,97,5,6,3,3,30,4,3,0.8333,1.0,0.97,7,7.5,0
444,8,24,50,1,6,0,1,1,4,1,0.1667,0.0,0.5,14,0.25,1
445,3,63,79,7,11,3,4,11,2,1,0.6364,0.75,0.79,12,5.5,1
446,4,57,63,3,5,2,4,8,4,0,0.6,0.5,0.63,14,2.0,0
447,9,2,49,0,6,0,3,5,2,0,0.0,0.0,0.49,23,2.5,1
448,5,12,58,1,7,0,2,5,4,1,0.1429,0.0,0.58,26,1.25,1
449,1,51,56,4,8,2,4,11,1,0,0.5,0.5,0.56,7,11.0,0
450,9,51,59,3,5,2,4,7,1,0,0.6,0.5,0.59,16,7.0,0
451,9,65,98,5,8,1,1,28,1,0,0.625,1.0,0.98,0,28.0,0
452,2,84,73,6,7,2,2,14,1,0,0.8571,1.0,0.73,1,14.0,0
453,4,84,82,5,6,2,2,20,4,1,0.8333,1.0,0.82,0,5.0,0
454,2,26,45,1,5,0,1,5,3,2,0.2,0.0,0.45,32,1.6667,1
455,4,43,67,5,12,1,2,6,2,0,0.4167,0.5,0.67,9,3.0,0
456,10,62,70,4,7,2,4,17,3,0,0.5714,0.5,0.7,7,5.6667,0
457,4,90,86,8,9,3,3,13,3,0,0.8889,1.0,0.86,4,4.3333,0
458,5,40,21,4,11,0,1,6,4,3,0.3636,0.0,0.21,19,1.5,0
459,9,89,75,4,5,1,1,15,3,1,0.8,1.0,0.75,4,5.0,0
460,6,58,56,4,7,2,3,12,3,2,0.5714,0.6667,0.56,16,4.0,0
461,8,76,98,6,8,2,3,23,1,0,0.75,0.6667,0.98,1,23.0,0
462,9,94,90,6,6,1,1,25,2,0,1.0,1.0,0.9,2,12.5,0
463,4,42,26,2,4,2,4,6,1,0,0.5,0.5,0.26,13,6.0,1
464,2,63,54,7,11,2,3,5,2,0,0.6364,0.6667,0.54,10,2.5,0
465,2,99,93,11,11,3,3,12,2,2,1.0,1.0,0.93,4,6.0,0
466,6,75,55,8,11,2,2,11,1,0,0.7273,1.0,0.55,6,11.0,0
467,7,51,75,3,6,2,4,13,3,2,0.5,0.5,0.75,5,4.3333,0
468,7,87,93,10,11,1,1,25,3,0,0.9091,1.0,0.93,0,8.3333,0
469,1,73,54,6,8,1,1,12,3,2,0.75,1.0,0.54,6,4.0,0
470,2,57,51,3,6,2,4,15,3,0,0.5,0.5,0.51,10,5.0,0
471,3,29,44,3,10,0,1,2,2,1,0.3,0.0,0.44,26,1.0,1
472,4,86,80,9,10,3,3,25,4,1,0.9,1.0,0.8,0,6.25,0
473,3,56,58,4,8,2,4,14,4,3,0.5,0.5,0.58,16,3.5,0
474,6,44,60,3,6,1,2,12,2,0,0.5,0.5,0.6,14,6.0,0
475,6,95,96,7,7,1,1,22,3,2,1.0,1.0,0.96,0,7.3333,0
476,4,74,74,3,4,1,2,12,3,2,0.75,0.5,0.74,7,4.0,1
477,7,71,61,4,6,1,1,17,3,2,0.6667,1.0,0.61,6,5.6667,0
478,4,74,59,7,10,1,1,13,4,3,0.7,1.0,0.59,12,3.25,0
479,3,36,74,3,8,0,1,12,4,1,0.375,0.0,0.74,12,3.0,0
480,2,72,77,4,5,3,4,26,2,0,0.8,0.75,0.77,4,13.0,0
481,3,72,62,4,6,1,2,7,1,0,0.6667,0.5,0.62,12,7.0,0
482,8,3,53,0,6,0,1,6,1,0,0.0,0.0,0.53,28,6.0,1
483,9,38,68,3,9,1,2,8,1,0,0.3333,0.5,0.68,14,8.0,0
484,3,37,51,2,6,1,3,2,4,0,0.3333,0.3333,0.51,28,0.5,1
485,8,42,26,3,8,2,4,1,4,1,0.375,0.5,0.26,42,0.25,1
486,10,76,82,9,12,1,1,15,1,0,0.75,1.0,0.82,4,15.0,0
487,2,32,51,2,5,0,1,5,1,0,0.4,0.0,0.51,20,5.0,1
488,7,65,99,6,10,2,3,16,3,0,0.6,0.6667,0.99,2,5.3333,0
489,6,53,54,5,9,1,1,14,3,2,0.5556,1.0,0.54,5,4.6667,0
490,3,67,60,6,9,1,1,10,1,0,0.6667,1.0,0.6,14,10.0,0
491,2,87,91,5,6,3,3,29,1,0,0.8333,1.0,0.91,5,29.0,0
492,5,74,92,6,8,1,1,25,3,2,0.75,1.0,0.92,4,8.3333,1
493,1,78,88,8,10,1,1,19,4,0,0.8,1.0,0.88,1,4.75,0
494,1,37,72,3,7,1,3,16,2,0,0.4286,0.3333,0.72,5,8.0,1
495,2,77,82,7,9,2,2,20,2,0,0.7778,1.0,0.82,1,10.0,1
496,1,92,100,10,11,4,4,30,4,0,0.9091,1.0,1.0,0,7.5,0
497,1,89,72,8,9,1,1,21,1,0,0.8889,1.0,0.72,1,21.0,0
498,3,62,67,7,12,2,3,11,3,1,0.5833,0.6667,0.67,17,3.6667,0
499,1,66,85,7,10,1,2,29,4,1,0.7,0.5,0.85,4,7.25,0
500,9,67,99,3,5,1,1,13,4,0,0.6,1.0,0.99,5,3.25,0
501,2,73,87,4,6,1,1,24,1,0,0.6667,1.0,0.87,3,24.0,0
502,7,85,74,5,6,3,3,29,3,2,0.8333,1.0,0.74,4,9.6667,0
503,9,29,54,3,12,1,3,0,1,0,0.25,0.3333,0.54,24,0.0,1
504,3,38,55,2,4,2,4,17,4,3,0.5,0.5,0.55,13,4.25,0
505,6,60,50,7,11,2,3,8,1,0,0.6364,0.6667,0.5,15,8.0,0
506,4,13,48,1,8,1,4,1,4,3,0.125,0.25,0.48,16,0.25,1
507,5,61,55,3,5,1,2,8,1,0,0.6,0.5,0.55,9,8.0,0
508,4,70,83,3,4,2,3,15,2,0,0.75,0.6667,0.83,7,7.5,0
509,4,64,78,6,9,3,4,8,1,0,0.6667,0.75,0.78,14,8.0,0
510,2,28,56,2,6,1,2,4,1,0,0.3333,0.5,0.56,20,4.0,0
511,10,62,51,4,7,1,2,15,1,0,0.5714,0.5,0.51,7,15.0,0
512,2,65,72,4,6,2,3,24,2,0,0.6667,0.6667,0.72,1,12.0,0
513,9,73,100,5,7,1,1,17,4,1,0.7143,1.0,1.0,6,4.25,0
514,2,63,72,4,6,2,3,14,3,2,0.6667,0.6667,0.72,11,4.6667,0
515,5,76,89,6,8,1,1,19,1,0,0.75,1.0,0.89,5,19.0,0
516,2,42,50,2,4,0,1,6,2,0,0.5,0.0,0.5,12,3.0,0
517,1,64,67,5,8,1,2,11,1,0,0.625,0.5,0.67,11,11.0,0
518,5,70,64,5,7,3,4,5,1,0,0.7143,0.75,0.64,4,5.0,0
519,10,3,49,0,8,0,2,0,4,0,0.0,0.0,0.49,21,0.0,0
520,5,3,53,0,9,0,2,4,3,2,0.0,0.0,0.53,42,1.3333,1
521,7,70,53,6,8,1,1,6,4,1,0.75,1.0,0.53,4,1.5,1
522,10,32,42,2,7,1,4,1,4,3,0.2857,0.25,0.42,31,0.25,1
523,5,67,99,7,11,2,3,15,3,0,0.6364,0.6667,0.99,3,5.0,0
524,5,49,67,3,7,0,1,15,2,1,0.4286,0.0,0.67,16,7.5,0
525,6,71,73,7,10,3,4,20,2,1,0.7,0.75,0.73,5,10.0,0
526,2,66,77,6,9,3,4,11,1,0,0.6667,0.75,0.77,3,11.0,1
527,1,55,67,3,6,1,1,17,2,1,0.5,1.0,0.67,11,8.5,0
528,7,46,68,5,11,1,2,12,1,0,0.4545,0.5,0.68,15,12.0,0
529,4,51,54,5,9,2,3,10,1,0,0.5556,0.6667,0.54,8,10.0,1
530,9,78,85,9,11,3,4,18,3,0,0.8182,0.75,0.85,5,6.0,0
531,6,99,74,8,8,2,2,20,4,3,1.0,1.0,0.74,6,5.0,0
532,6,73,79,7,9,2,3,10,1,0,0.7778,0.6667,0.79,10,10.0,0
533,3,29,21,2,7,1,3,6,4,3,0.2857,0.3333,0.21,18,1.5,1
534,8,63,76,3,4,1,1,11,4,1,0.75,1.0,0.76,4,2.75,0
535,6,18,41,1,4,1,4,2,4,2,0.25,0.25,0.41,22,0.5,1
536,8,40,66,4,9,2,4,11,2,1,0.4444,0.5,0.66,3,5.5,0
537,3,67,96,3,4,3,4,28,2,0,0.75,0.75,0.96,2,14.0,0
538,2,41,71,3,7,1,2,16,4,2,0.4286,0.5,0.71,4,4.0,0
539,10,71,80,7,10,2,3,8,3,0,0.7,0.6667,0.8,9,2.6667,0
540,10,76,88,5,6,2,2,16,2,1,0.8333,1.0,0.88,4,8.0,1
541,2,6,33,1,11,0,2,6,3,2,0.0909,0.0,0.33,10,2.0,1
542,10,63,69,7,11,1,1,5,1,0,0.6364,1.0,0.69,3,5.0,0
543,7,43,21,5,11,1,2,0,4,1,0.4545,0.5,0.21,10,0.0,1
544,5,91,93,6,7,1,1,26,1,0,0.8571,1.0,0.93,0,26.0,0
545,7,37,38,3,8,1,2,4,4,2,0.375,0.5,0.38,27,1.0,1
546,4,19,37,2,8,1,3,1,4,1,0.25,0.3333,0.37,41,0.25,1
547,6,41,43,3,7,1,3,6,1,0,0.4286,0.3333,0.43,29,6.0,1
548,8,87,85,5,6,3,3,22,4,0,0.8333,1.0,0.85,2,5.5,0
549,6,5,29,0,9,0,2,6,4,1,0.0,0.0,0.29,35,1.5,1
550,4,50,50,6,12,1,2,13,4,2,0.5,0.5,0.5,12,3.25,0
551,8,68,64,5,8,1,2,11,4,2,0.625,0.5,0.64,7,2.75,0
552,8,41,50,2,6,2,4,5,4,0,0.3333,0.5,0.5,42,1.25,1
553,9,23,54,2,10,1,3,5,2,1,0.2,0.3333,0.54,13,2.5,1
554,6,78,95,8,10,1,1,20,2,0,0.8,1.0,0.95,7,10.0,1
555,1,41,59,3,8,0,1,12,1,0,0.375,0.0,0.59,14,12.0,0
556,9,13,50,1,5,0,1,4,4,1,0.2,0.0,0.5,29,1.0,1
557,3,74,80,7,9,1,2,6,1,0,0.7778,0.5,0.8,5,6.0,0
558,9,41,66,4,9,1,3,8,1,0,0.4444,0.3333,0.66,7,8.0,0
559,8,52,65,4,8,2,4,14,3,1,0.5,0.5,0.65,10,4.6667,0
560,9,44,52,2,5,1,2,0,2,1,0.4,0.5,0.52,40,0.0,1
561,9,73,79,4,5,3,4,19,2,0,0.8,0.75,0.79,7,9.5,0
562,2,45,54,5,11,1,2,5,4,2,0.4545,0.5,0.54,4,1.25,0
563,8,41,52,4,9,1,3,3,1,0,0.4444,0.3333,0.52,44,3.0,1
564,5,2,33,0,7,0,2,7,2,0,0.0,0.0,0.33,18,3.5,0
565,5,39,32,5,12,1,3,2,2,1,0.4167,0.3333,0.32,43,1.0,1
566,3,80,99,3,4,2,3,10,3,0,0.75,0.6667,0.99,6,3.3333,0
567,7,44,62,2,5,1,2,11,3,0,0.4,0.5,0.62,7,3.6667,0
568,9,49,54,4,9,1,3,9,2,1,0.4444,0.3333,0.54,15,4.5,0
569,3,20,36,1,6,1,3,3,3,2,0.1667,0.3333,0.36,33,1.0,1
570,9,72,73,9,12,2,3,30,3,1,0.75,0.6667,0.73,6,10.0,0
571,5,2,23,0,9,0,2,2,4,2,0.0,0.0,0.23,17,0.5,1
572,6,30,27,3,10,0,1,0,3,2,0.3,0.0,0.27,25,0.0,1
573,3,11,51,1,7,0,2,8,1,0,0.1429,0.0,0.51,20,8.0,1
574,6,76,85,4,5,3,4,28,2,1,0.8,0.75,0.85,1,14.0,1
575,9,21,56,1,5,0,1,6,2,0,0.2,0.0,0.56,18,3.0,0
576,4,40,53,2,5,1,2,16,2,1,0.4,0.5,0.53,11,8.0,0
577,7,36,56,1,4,1,2,2,4,2,0.25,0.5,0.56,23,0.5,1
578,9,91,100,4,4,1,1,25,2,0,1.0,1.0,1.0,3,12.5,0
579,2,27,45,2,9,1,2,3,3,0,0.2222,0.5,0.45,22,1.0,1
580,7,24,60,1,4,1,4,2,2,1,0.25,0.25,0.6,24,1.0,0
581,1,4,30,0,4,0,2,5,4,2,0.0,0.0,0.3,24,1.25,1
582,1,48,75,2,5,1,3,16,3,2,0.4,0.3333,0.75,9,5.3333,0
583,9,40,54,5,12,2,4,7,2,1,0.4167,0.5,0.54,41,3.5,1
584,9,54,67,6,12,2,3,13,4,0,0.5,0.6667,0.67,10,3.25,0
585,5,27,30,3,11,1,4,6,1,0,0.2727,0.25,0.3,29,6.0,1
586,8,62,67,3,5,2,4,7,3,2,0.6,0.5,0.67,16,2.3333,0
587,5,67,70,7,10,3,4,11,1,0,0.7,0.75,0.7,6,11.0,0
588,9,38,56,3,8,0,1,16,4,3,0.375,0.0,0.56,6,4.0,0
589,4,66,63,7,11,1,1,14,3,1,0.6364,1.0,0.63,5,4.6667,0
590,5,12,29,1,6,0,2,1,4,1,0.1667,0.0,0.29,15,0.25,1
591,4,80,94,5,6,1,1,20,1,0,0.8333,1.0,0.94,6,20.0,0
592,4,17,59,1,6,1,3,6,3,2,0.1667,0.3333,0.59,24,2.0,1
593,4,90,95,7,8,2,2,12,4,2,0.875,1.0,0.95,6,3.0,0
594,1,77,86,5,6,3,4,29,1,0,0.8333,0.75,0.86,5,29.0,0
595,10,35,56,4,12,1,2,9,1,0,0.3333,0.5,0.56,13,9.0,0
596,1,57,70,2,4,2,3,15,3,1,0.5,0.6667,0.7,10,5.0,0
597,2,72,85,3,4,1,2,15,1,0,0.75,0.5,0.85,1,15.0,0
598,5,28,30,3,9,1,4,8,3,2,0.3333,0.25,0.3,37,2.6667,1
599,2,47,62,2,5,0,1,10,1,0,0.4,0.0,0.62,17,10.0,0
600,3,19,45,2,11,1,4,4,3,0,0.1818,0.25,0.45,13,1.3333,1
